{"cameraMode":{"drawMode":0,"name":"Shaded","section":"Shading Mode"},"sceneLighting":false,"audioPlay":false,"sceneViewState":{"showFog":true,"showMaterialUpdate":false,"showSkybox":true,"showFlares":true,"showImageEffects":true,"showParticleSystems":true},"in2DMode":false,"pivot":{"x":-3.6384057998657228,"y":-2.5145978927612306,"z":14.018518447875977},"rotation":{"x":0.2115813046693802,"y":-0.1555251032114029,"z":0.03441460430622101,"w":0.9644752144813538},"size":55.672481536865237,"orthographic":false}