{"cameraMode":{"drawMode":0,"name":"Shaded","section":"Shading Mode"},"sceneLighting":false,"audioPlay":false,"sceneViewState":{"showFog":true,"showMaterialUpdate":false,"showSkybox":true,"showFlares":true,"showImageEffects":true,"showParticleSystems":true},"in2DMode":false,"pivot":{"x":-3.2735815048217775,"y":0.6314804553985596,"z":0.9401650428771973},"rotation":{"x":-0.08386735618114472,"y":0.5454724431037903,"z":-0.05508226901292801,"w":-0.8322054147720337},"size":5.46851110458374,"orthographic":false}