{"cameraMode":{"drawMode":0,"name":"Shaded","section":"Shading Mode"},"sceneLighting":false,"audioPlay":false,"sceneViewState":{"showFog":true,"showMaterialUpdate":false,"showSkybox":true,"showFlares":true,"showImageEffects":true,"showParticleSystems":true},"in2DMode":false,"pivot":{"x":-27.289474487304689,"y":46.02339553833008,"z":-10.917473793029786},"rotation":{"x":-0.21174028515815736,"y":-0.34865647554397585,"z":0.08081549406051636,"w":-0.9095625877380371},"size":3.128312349319458,"orthographic":false}