{"cameraMode":{"drawMode":2,"name":"Shaded Wireframe","section":"Shading Mode"},"sceneLighting":false,"audioPlay":false,"sceneViewState":{"showFog":true,"showMaterialUpdate":false,"showSkybox":true,"showFlares":true,"showImageEffects":true,"showParticleSystems":true},"in2DMode":false,"pivot":{"x":49.99677276611328,"y":31.7877254486084,"z":-23.619613647460939},"rotation":{"x":-0.2487754225730896,"y":0.0037503859493881466,"z":-0.0011020901147276164,"w":-0.9686319231987},"size":10.272156715393067,"orthographic":false}