{"cameraMode":{"drawMode":0,"name":"Shaded","section":"Shading Mode"},"sceneLighting":false,"audioPlay":false,"sceneViewState":{"showFog":true,"showMaterialUpdate":false,"showSkybox":true,"showFlares":true,"showImageEffects":true,"showParticleSystems":true},"in2DMode":false,"pivot":{"x":120.5591812133789,"y":11.64279842376709,"z":104.14168548583985},"rotation":{"x":-0.2345348447561264,"y":-0.7527434229850769,"z":0.34751060605049136,"w":-0.5076389312744141},"size":8.356385231018067,"orthographic":false}